Lafayette Square,4618
Athens-Westmont--(Region:75),41642
Watts,41547
University Hills,3183
West Covina--(Region:25),107688
Temple-Beaudry,38266
Miracle Mile,17167
Tarzana,29817
Harvard Park,37165
Willowbrook--(Region:64),43095
Pasadena--(Region:12),174449
Lawndale--(Region:73),42232
Woodland Hills,67666
Monterey Park--(Region:33),61121
Norwalk--(Region:49),104868
Granada Hills,56494
Vermont Vista,39698
Rosemead--(Region:29),55058
Silverlake,42407
Hawthorne--(Region:72),114032
Vernon Central,50782
Agoura Hills--(Region:168),29523
Crenshaw District,13661
Maywood--(Region:51),41472
Eagle Rock,38273
Santa Clarita--(Region:3),219356
South Carthay,10204
Central,37166
Encino,43892
La Canada Flintridge--(Region:11),40253
Thai Town,9431
Pico Rivera--(Region:44),64052
Valinda--(Region:39),43986
Harbor Gateway,42289
Torrance--(Region:68),146686
El Segundo--(Region:71),26864
Highland Park,46454
Angelino Heights,2427
Alsace,11884
Wilshire Center,50167
Beverly Hills--(Region:79),34652
Northridge,69161
Bangladesh--(Region:127),29070
Wellington Square,4790
Los Feliz,20597
Exposition Park,43805
Lakewood--(Region:61),106281
Valley Village,23858
Downtown,40024
Westchester,50578
Claremont--(Region:21),36850
Palisades Highlands,3944
Baldwin Hills,29331
Mandeville Canyon,3167
Jefferson Park,7706
Harvard Heights,16917
Boyle Heights,84950
Pacoima,76304
Pomona--(Region:22),157108
Van Nuys,90255
San Pedro,75696
Historic Filipinotown,13842
Little Bangladesh,28270
Long Beach--(Region:62),483934
San Gabriel--(Region:30),40311
Arleta,33796
Porter Ranch,33726
San Fernando--(Region:144),48440
Florence-Firestone,46365
District--(Region:103),29977
Winnetka,48669
Cloverdale/Cochran,14093
Park La Brea,12452
South Park,37261
West Adams,26398
Downey--(Region:50),113811
La Puente--(Region:38),40378
Beverlywood,12807
North Hollywood,147140
Exposition,3357
Westlake,59497
Canyon Country--(Region:1),25745
Mission Hills,23439
Echo Park,14033
Tujunga,27634
Acton--(Region:8),28809
Glendora--(Region:18),52890
Marina Peninsula,4551
Glassell Park,30097
La Mirada--(Region:46),54602
Alhambra--(Region:32),86706
Gramercy Place,10509
Mid-city,14328
Harbor Pines,2231
Lakeview Terrace,13217
Lincoln Heights,31865
Azusa--(Region:17),65527
Wilmington,53845
La Verne--(Region:20),35146
Walnut--(Region:40),30067
University Park,24927
Westwood,53332
Covina--(Region:24),49131
West Los Angeles,36375
Redondo Beach--(Region:69),69316
Playa Del Rey,3170
Arcadia--(Region:14),56993
Montebello--(Region:35),63731
Playa Vista,13533
El Monte--(Region:27),113725
Manchester Square,8248
Brentwood,29933
Rancho Park,6630
Stevenson Ranch--(Region:4),25479
Reynier Village,4113
Crestview,11043
Valley Glen,28726
Cerritos--(Region:60),66654
Venice,34497
Chinatown,9655
Palms,43198
Mar Vista,39826
Toluca Terrace,1415
South Pasadena--(Region:31),39453
Vermont Square,7248
Melrose,76873
Sunland,20127
Elysian Park,5870
Altadena--(Region:13),53439
Avalon--(Region:170),4034
Century City,12544
Sherman Oaks,84910
Manhattan Beach--(Region:70),54881
Reseda Ranch,4769
Huntington Park--(Region:53),59508
Cheviot Hills,9172
Koreatown,51994
Harbor City,27908
Rancho Palos Verdes--(Region:66),42908
View Heights,3286
South Whittier--(Region:47),63072
Reseda,74009
Chatsworth,35461
Brookside,634
Duarte--(Region:16),39704
Canoga Park,62601
Angeles National Forest,20
South El Monte--(Region:36),32030
Hollywood Hills,28793
Lancaster--(Region:5),169552
Beverly Crest,12223
Wholesale District,41902
Carthay,13749
Hyde Park,28470
Del Rey,29720
Green Meadows,20900
Lake Balboa,40668
Hacienda Heights--(Region:43),54634
Castaic--(Region:2),28325
Calabasas--(Region:167),26051
Hancock Park,17012
Monrovia--(Region:15),37614
Diamond Bar--(Region:41),57127
Mt. Washington,23135
Inglewood--(Region:76),116359
Figueroa Park Square,8422
Atwater Village,14583
Adams-Normandie,8147
Victoria Park,8102
Little Armenia,7471
Regent Square,2754
St Elmo Village,4619
San Dimas--(Region:19),34330
West Vernon,52004
Gardena--(Region:74),60679
Palisades--(Region:155),27767
Sycamore Square,623
Century Palms/Cove,32314
Leimert Park,15299
South Gate--(Region:55),99739
Sun Valley,52864
Glendale--(Region:10),201605
Lynwood--(Region:57),72189
Cadillac-Corning,6780
Longwood,4296
North Hills,58362
Toluca Lake,8460
Bell--(Region:52),36596
Mountains--(Region:169),31552
Vermont Knolls,17183
Palmdale--(Region:6),159689
Panorama City,71109
Baldwin Park--(Region:26),75833
Country Club Park,14579
Culver City--(Region:77),56391
Hollywood,69763
Carson--(Region:65),118244
Shadow Hills,4665
District--(Region:111),38191
Little Tokyo,4250
East Hollywood,28102
Faircrest Heights,3841
Bassett--(Region:37),39491
Santa Monica--(Region:78),93410
Bellflower--(Region:59),76060
West Hills,39106
Studio City,21708
Lake Los Angeles--(Region:7),25960
Angeles--(Region:154),38159
Pico-Union,41099
Rowland Heights--(Region:42),50863
Whittier--(Region:45),99118
El Sereno,40643
East Los Angeles--(Region:34),126985
Covina--(Region:23),29406
Lomita--(Region:67),45781
Sylmar,82900
Elysian Valley,10022
Temple City--(Region:28),36499
Nietos--(Region:48),45219
Pacific Palisades,20718
Compton--(Region:63),118259
Bel Air,8608
Toluca Woods,1821
Paramount--(Region:58),56225
Bell Gardens--(Region:56),67342
Burbank--(Region:9),104692
West LA,13582
San Marino,12973
Rancho Dominguez,2526
Agua Dulce,3130
View Park/Windsor Hills,11066
Littlerock/Pearblossom,1388
Industry,1008
San Jose Hills,20257
West Antelope Valley,3343
Placerita Canyon,28809
Cudahy,24208
Signal Hill,9273
East Whittier,55285
Santa Catalina Island,4034
La Habra Heights,6094
South Antelope Valley,5271
Wiseburn,26864
West Puente Valley,23866
San Francisquito Canyon/Bouquet Canyon,25575
Bouquet Canyon,25575
Newhall,25479
Rolling Hills,3218
Roosevelt,25960
Val Verde,1888
Irwindale,1472
Santa Fe Springs,17834
Hawaiian Gardens,14915
La Crescenta,18507
Sand Canyon,28809
San Clemente Island,4034
Rosewood/East Gardena,43095
Littlerock/Juniper Hills,1388
East Covina,283
Bradbury,1268
West Chatsworth,41543
Pearblossom/Llano,28809
Ladera Heights,6509
Leona Valley,1374
Rolling Hills Estates,8334
Santa Monica Mountains,8929
Lake Hughes,571
El Camino Village,42232
Westlake Village,8663
Palos Verdes Peninsula,45781
Marina del Rey,8302
Palos Verdes Estates,13340
Lennox,22950
Sierra Madre,10578
South Carthay,4866
Artesia,16380
Del Sur,25745
Saugus/Canyon Country,25745
Elizabeth Lake,1379
Padua Hills,36850
North Lancaster,25960
Lake Manor,41543
Westhills,39106
Avocado Heights,17415
La Rambla,79805
Northeast San Gabriel,174449
Desert View Highlands,2287
Pellissier Village,32030
East Lancaster,61
Saugus,25745
Rosewood,118259
Rosewood/West Rancho Dominguez,43095
Littlerock,1388
West Rancho Dominguez,43095
Del Aire,9039
North Whittier,4351
San Pasqual,2082
Whittier Narrows,32080
Malibu,12514
Sun Village,9375
Quartz Hill,9351
Bandini Islands,41472
Southeast Antelope Valley,5271
South San Gabriel,8100
Hermosa Beach,18442
White Fence Farms,28809
Charter Oak,9046
East Pasadena,6045
Twin Lakes/Oat Mountain,25479
Westfield/Academy Hills,45781
East La Mirada,9442
Hi Vista,25960
Walnut Park,16180
Athens Village,43065
Anaverde,28809
Universal City,32281
Valencia,25745
Hidden Hills,1875
Sunrise Village,99118
Llano,28809
Covina (Charter Oak),9046
Franklin Canyon,51891
Kagel/Lopez Canyons,697
East Rancho Dominguez,118259
South Edwards,25960
West Whittier/Los Nietos,25880
West Carson,21010
Commerce,12583
West Hollywood,35716
Adams-Normandie,18504
Alondra Park,8604
Angeles Crest,1175
Arlington Heights,23330
Athens,9101
Baldwin Hills/Crenshaw,32134
Bel-Air,8253
Beverly Grove,22855
Broadway-Manchester,25797
Castaic Canyons,7757
Central-Alameda,43638
Charter Oak,9046
Chesterfield Square,6382
Citrus,11964
Cypress Park,9764
East Compton,13802
East San Gabriel,22171
Fairfax,13360
Florence-Firestone,60154
Florence,46610
Gramercy Park,11173
Green Valley,754
Hasley Canyon,423
Historic South-Central,52509
Hollywood Hills West,16003
La Crescenta-Montrose,18507
Lake View Terrace,12719
Larchmont,9195
Long Beach,462731
Lopez/Kagel Canyons,697
Mayflower Village,11649
Mid-City,55016
Mid-Wilshire,47176
Montecito Heights,18152
Mount Washington,13531
Northeast Antelope Valley,4550
North El Monte,3703
Northwest Antelope Valley,4550
Pasadena,134941
Pico-Robertson,19253
Pico-Union,44664
Playa del Rey,11317
Ramona,4053
Ridge Route,1951
Sawtelle,38698
Silver Lake,32890
South San Jose Hills,20257
Topanga,7425
Tujunga Canyons,2474
Unincorporated Catalina Island,139
Unincorporated Santa Monica Mountains,8929
Unincorporated Santa Susana Mountains,4525
Universal City,32281
Vermont-Slauson,28374
Vernon,94
Veterans Administration,622
View Park-Windsor Hills,11066
Vincent,15032
West Compton,5444
Westmont,31467
West San Dimas,309
West Whittier-Los Nietos,25880
Whittier Narrows,32080
Windsor Square,6197