Unincorporated - Valencia,Canyon Country
Unincorporated - Littlerock,Acton
Unincorporated - West Whittier/Los Nietos,West Whittier/Los Nietos
Unincorporated - Athens-Westmont,Athens-Westmont
Unincorporated - West Antelope Valley,Canyon Country
Unincorporated - Lake Los Angeles,Lake Los Angeles
Unincorporated - Glendora,Glendora
Unincorporated - Athens Village,Willowbrook
Unincorporated - South San Gabriel,South El Monte
Unincorporated - Agua Dulce,Canyon Country
Unincorporated - Leona Valley,Canyon Country
Unincorporated - San Pasqual,Pasadena
Unincorporated - Twin Lakes/Oat Mountain,Stevenson Ranch
Unincorporated - La Rambla,San Pedro
Unincorporated - La Habra Heights,Whittier
Unincorporated - Bassett,Basset
Unincorporated - East Whittier,South Whittier
Unincorporated - Whittier,Whittier
Unincorporated - Arcadia,Duarte
Unincorporated - East Los Angeles,East Los Angeles
Unincorporated - Sand Canyon,Acton
Unincorporated - Altadena,Altadena
Unincorporated - Sun Village,Lake Los Angeles
Unincorporated - Padua Hills,Claremont
Unincorporated - Valinda,Valinda
Unincorporated - Canyon Country,Canyon Country
Unincorporated - Hi Vista,Lake Los Angeles
Unincorporated - Hacienda Heights,Hacienda Heights
Unincorporated - South Edwards,Lake Los Angeles
Unincorporated - Llano,Acton
Unincorporated - Roosevelt,Lake Los Angeles
Unincorporated - Marina del Rey,Playa Vista
Unincorporated - Rosewood/East Gardena,Willowbrook
Unincorporated - North Whittier,Basset
Unincorporated - Monrovia,Duarte
Unincorporated - Anaverde,Acton
Unincorporated - Florence-Firestone,Florence-Firestone
Unincorporated - Cerritos,Cerritos
Unincorporated - Palmdale,Palmdale
Unincorporated - West Chatsworth,West Hills
Unincorporated - Avocado Heights,Basset
Unincorporated - Harbor Gateway,Harbor Gateway
Unincorporated - Newhall,Stevenson Ranch
Unincorporated - Charter Oak,Covina
Unincorporated - Rowland Heights,Rowland Heights
Unincorporated - San Francisquito Canyon/Bouquet Canyon,Canyon Country
Unincorporated - East La Mirada,La Mirada
Unincorporated - Bandini Islands,Maywood
Unincorporated - Saugus/Canyon Country,Canyon Country
Unincorporated - Willowbrook,Willowbrook
Unincorporated - East Covina,San Dimas
Unincorporated - El Camino Village,Lawndale
Unincorporated - North Lancaster,Lake Los Angeles
Unincorporated - Westfield/Academy Hills,Lomita
Unincorporated - West Rancho Dominguez,Willowbrook
Unincorporated - Del Sur,Canyon Country
Unincorporated - Lakewood,Lakewood
Unincorporated - Duarte,Duarte
Unincorporated - San Clemente Island,Avalon
Unincorporated - South Whittier,South Whittier
Unincorporated - Lake Hughes,Canyon Country
Unincorporated - Azusa,Azusa
Unincorporated - Claremont,Claremont
Unincorporated - Wiseburn,El Segundo
Unincorporated - Angeles National Forest,Acton
Unincorporated - Universal City,Studio City
Unincorporated - El Monte,El Monte
Unincorporated - Covina,Covina
Unincorporated - Lennox,Hawthorne
Unincorporated - Del Rey,Playa Vista
Unincorporated - Rosewood/West Rancho Dominguez,Willowbrook
Unincorporated - Desert View Highlands,Acton
Unincorporated - Hawthorne,Hawthorne
Unincorporated - San Jose Hills,Valinda
Unincorporated - Franklin Canyon,Brentwood
Unincorporated - Miracle Mile,Park La Brea
Unincorporated - Covina (Charter Oak) ,Covina
Unincorporated - Rosewood,Compton
Unincorporated - Del Aire,El Segundo
Unincorporated - White Fence Farms,Acton
Unincorporated - Santa Catalina Island,Avalon
Unincorporated - Acton,Acton
Unincorporated - La Verne,La Verne
Unincorporated - Val Verde,Stevenson Ranch
Unincorporated - Kagel/Lopez Canyons,Acton
Unincorporated - Walnut Park,Florence-Firestone
Unincorporated - La Crescenta-Montrose,La Canada Flintridge
Unincorporated - Littlerock/Pearblossom,Lake Los Angeles
Unincorporated - Castaic,Castaic
Unincorporated - Pellissier Village,South El Monte
Unincorporated - Ladera Heights,Culver City
Unincorporated - West LA,West Los Angeles
Unincorporated - Pomona,Pomona
Unincorporated - Stevenson Ranch,Stevenson Ranch
Unincorporated - Placerita Canyon,Acton
Unincorporated - Saugus,Canyon Country
Unincorporated - Lynwood,Bellflower
Unincorporated - South El Monte,South El Monte
Unincorporated - Bradbury,Monrovia
Unincorporated - Lake Manor,West Hills
Unincorporated - West Carson,Carson
Unincorporated - Palos Verdes Peninsula,Lomita
Unincorporated - South Antelope Valley,Acton
Unincorporated - Littlerock/Juniper Hills,Acton
Unincorporated - Quartz Hill,Lancaster
Unincorporated - East Lancaster,Lancaster
Unincorporated - Whittier Narrows,South El Monte
Unincorporated - Sunrise Village,Whittier
Unincorporated - View Park/Windsor Hills,Culver City
Unincorporated - Elizabeth Lake,Canyon Country
Unincorporated - Northeast San Gabriel,Pasadena
Unincorporated - West Puente Valley,Basset
Unincorporated - Rancho Dominguez,Carson
Unincorporated - Pearblossom/Llano,Acton
Unincorporated - Bouquet Canyon,Canyon Country
Unincorporated - Santa Monica Mountains,Santa Monica Mountains
Unincorporated - East Rancho Dominguez,Compton
Unincorporated - Walnut,Walnut
Unincorporated - Westhills,West Hills
Unincorporated - East Pasadena,Pasadena
Unincorporated - Southeast Antelope Valley,Acton
